--
-- PostgreSQL database dump
--

-- Dumped from database version 12.2 (Debian 12.2-2.pgdg100+1)
-- Dumped by pg_dump version 12.2 (Debian 12.2-2.pgdg100+1)

SET statement_timeout = 0;
SET lock_timeout = 0;
SET idle_in_transaction_session_timeout = 0;
SET client_encoding = 'UTF8';
SET standard_conforming_strings = on;
SELECT pg_catalog.set_config('search_path', '', false);
SET check_function_bodies = false;
SET xmloption = content;
SET client_min_messages = warning;
SET row_security = off;

SET default_tablespace = '';

SET default_table_access_method = heap;

--
-- Name: customers; Type: TABLE; Schema: public; Owner: postgres
--

CREATE TABLE public.customers (
    id bigint NOT NULL,
    first_name character varying(255) NOT NULL,
    last_name character varying(255) NOT NULL
);


ALTER TABLE public.customers OWNER TO postgres;

--
-- Name: customers_id_seq; Type: SEQUENCE; Schema: public; Owner: postgres
--

ALTER TABLE public.customers ALTER COLUMN id ADD GENERATED BY DEFAULT AS IDENTITY (
    SEQUENCE NAME public.customers_id_seq
    START WITH 1
    INCREMENT BY 1
    NO MINVALUE
    NO MAXVALUE
    CACHE 1
);


--
-- Name: databasechangelog; Type: TABLE; Schema: public; Owner: postgres
--

CREATE TABLE public.databasechangelog (
    id character varying(255) NOT NULL,
    author character varying(255) NOT NULL,
    filename character varying(255) NOT NULL,
    dateexecuted timestamp without time zone NOT NULL,
    orderexecuted integer NOT NULL,
    exectype character varying(10) NOT NULL,
    md5sum character varying(35),
    description character varying(255),
    comments character varying(255),
    tag character varying(255),
    liquibase character varying(20),
    contexts character varying(255),
    labels character varying(255),
    deployment_id character varying(10)
);


ALTER TABLE public.databasechangelog OWNER TO postgres;

--
-- Name: databasechangeloglock; Type: TABLE; Schema: public; Owner: postgres
--

CREATE TABLE public.databasechangeloglock (
    id integer NOT NULL,
    locked boolean NOT NULL,
    lockgranted timestamp without time zone,
    lockedby character varying(255)
);


ALTER TABLE public.databasechangeloglock OWNER TO postgres;

--
-- Name: products; Type: TABLE; Schema: public; Owner: postgres
--

CREATE TABLE public.products (
    id bigint NOT NULL,
    name character varying(255) NOT NULL,
    price numeric NOT NULL
);


ALTER TABLE public.products OWNER TO postgres;

--
-- Name: products_id_seq; Type: SEQUENCE; Schema: public; Owner: postgres
--

ALTER TABLE public.products ALTER COLUMN id ADD GENERATED BY DEFAULT AS IDENTITY (
    SEQUENCE NAME public.products_id_seq
    START WITH 1
    INCREMENT BY 1
    NO MINVALUE
    NO MAXVALUE
    CACHE 1
);


--
-- Name: purchases; Type: TABLE; Schema: public; Owner: postgres
--

CREATE TABLE public.purchases (
    id bigint NOT NULL,
    created date DEFAULT '2020-03-30'::date NOT NULL,
    customer_id bigint,
    product_id bigint
);


ALTER TABLE public.purchases OWNER TO postgres;

--
-- Name: purchases_id_seq; Type: SEQUENCE; Schema: public; Owner: postgres
--

ALTER TABLE public.purchases ALTER COLUMN id ADD GENERATED BY DEFAULT AS IDENTITY (
    SEQUENCE NAME public.purchases_id_seq
    START WITH 1
    INCREMENT BY 1
    NO MINVALUE
    NO MAXVALUE
    CACHE 1
);


--
-- Data for Name: customers; Type: TABLE DATA; Schema: public; Owner: postgres
--

COPY public.customers (id, first_name, last_name) FROM stdin;
1	Иван	Иванов
2	Сергей	Иванов
3	Иван	Сергеев
4	Сергей	Cергеев
5	Петр	Сергеев
6	Антон	Дмитриев
\.


--
-- Data for Name: databasechangelog; Type: TABLE DATA; Schema: public; Owner: postgres
--

COPY public.databasechangelog (id, author, filename, dateexecuted, orderexecuted, exectype, md5sum, description, comments, tag, liquibase, contexts, labels, deployment_id) FROM stdin;
1.0.0	larkinds	classpath:liquibase/db.changelog-1.0.xml	2020-03-30 10:53:45.660664	1	EXECUTED	8:336177d21067f3279bedab461f40e42c	createTable tableName=customers		\N	3.8.8	\N	\N	5540425601
1.0.1	larkinds	classpath:liquibase/db.changelog-1.0.xml	2020-03-30 10:53:45.715574	2	EXECUTED	8:690ba78d0df5e8871a10ad3ceecb86f8	createTable tableName=products		\N	3.8.8	\N	\N	5540425601
1.0.2	larkinds	classpath:liquibase/db.changelog-1.0.xml	2020-03-30 10:53:45.74598	3	EXECUTED	8:ad99fff784b51cddf92fe09ce9b79420	createTable tableName=purchases		\N	3.8.8	\N	\N	5540425601
1.0.3	larkinds	classpath:liquibase/db.changelog-1.0.xml	2020-03-30 10:53:45.772421	4	EXECUTED	8:1d10682e5fee53c38dca4420cd12bb21	addForeignKeyConstraint baseTableName=purchases, constraintName=fk_customer2purchase, referencedTableName=customers; addForeignKeyConstraint baseTableName=purchases, constraintName=fk_product2purchase, referencedTableName=products		\N	3.8.8	\N	\N	5540425601
1.0.4	larkinds	classpath:liquibase/db.changelog-1.0.xml	2020-03-30 10:53:45.793936	5	EXECUTED	8:f3f276fea5dc5ff35db88206f9e393c1	insert tableName=customers; insert tableName=customers; insert tableName=customers; insert tableName=customers; insert tableName=customers; insert tableName=customers		\N	3.8.8	\N	\N	5540425601
1.0.5	larkinds	classpath:liquibase/db.changelog-1.0.xml	2020-03-30 10:53:45.807571	6	EXECUTED	8:27227cb1afc661bdceafa71fbce1803d	insert tableName=products; insert tableName=products; insert tableName=products		\N	3.8.8	\N	\N	5540425601
1.0.6	larkinds	classpath:liquibase/db.changelog-1.0.xml	2020-03-30 10:53:45.823244	7	EXECUTED	8:12d84015223844489bcf04821af725a1	insert tableName=purchases; insert tableName=purchases; insert tableName=purchases; insert tableName=purchases; insert tableName=purchases; insert tableName=purchases; insert tableName=purchases		\N	3.8.8	\N	\N	5540425601
\.


--
-- Data for Name: databasechangeloglock; Type: TABLE DATA; Schema: public; Owner: postgres
--

COPY public.databasechangeloglock (id, locked, lockgranted, lockedby) FROM stdin;
1	f	\N	\N
\.


--
-- Data for Name: products; Type: TABLE DATA; Schema: public; Owner: postgres
--

COPY public.products (id, name, price) FROM stdin;
1	Хлеб	50.85
2	Колбаса	180.00
3	Молоко	90.00
\.


--
-- Data for Name: purchases; Type: TABLE DATA; Schema: public; Owner: postgres
--

COPY public.purchases (id, created, customer_id, product_id) FROM stdin;
1	2020-03-30	1	2
2	2020-03-30	1	2
3	2020-03-30	1	1
4	2020-03-30	2	1
5	2020-03-30	2	1
6	2020-03-30	2	1
7	2020-03-30	2	1
\.


--
-- Name: customers_id_seq; Type: SEQUENCE SET; Schema: public; Owner: postgres
--

SELECT pg_catalog.setval('public.customers_id_seq', 6, true);


--
-- Name: products_id_seq; Type: SEQUENCE SET; Schema: public; Owner: postgres
--

SELECT pg_catalog.setval('public.products_id_seq', 3, true);


--
-- Name: purchases_id_seq; Type: SEQUENCE SET; Schema: public; Owner: postgres
--

SELECT pg_catalog.setval('public.purchases_id_seq', 7, true);


--
-- Name: customers customers_pkey; Type: CONSTRAINT; Schema: public; Owner: postgres
--

ALTER TABLE ONLY public.customers
    ADD CONSTRAINT customers_pkey PRIMARY KEY (id);


--
-- Name: databasechangeloglock databasechangeloglock_pkey; Type: CONSTRAINT; Schema: public; Owner: postgres
--

ALTER TABLE ONLY public.databasechangeloglock
    ADD CONSTRAINT databasechangeloglock_pkey PRIMARY KEY (id);


--
-- Name: products products_name_key; Type: CONSTRAINT; Schema: public; Owner: postgres
--

ALTER TABLE ONLY public.products
    ADD CONSTRAINT products_name_key UNIQUE (name);


--
-- Name: products products_pkey; Type: CONSTRAINT; Schema: public; Owner: postgres
--

ALTER TABLE ONLY public.products
    ADD CONSTRAINT products_pkey PRIMARY KEY (id);


--
-- Name: purchases purchases_pkey; Type: CONSTRAINT; Schema: public; Owner: postgres
--

ALTER TABLE ONLY public.purchases
    ADD CONSTRAINT purchases_pkey PRIMARY KEY (id);


--
-- Name: purchases fk_customer2purchase; Type: FK CONSTRAINT; Schema: public; Owner: postgres
--

ALTER TABLE ONLY public.purchases
    ADD CONSTRAINT fk_customer2purchase FOREIGN KEY (customer_id) REFERENCES public.customers(id) ON UPDATE RESTRICT ON DELETE CASCADE;


--
-- Name: purchases fk_product2purchase; Type: FK CONSTRAINT; Schema: public; Owner: postgres
--

ALTER TABLE ONLY public.purchases
    ADD CONSTRAINT fk_product2purchase FOREIGN KEY (product_id) REFERENCES public.products(id) ON UPDATE RESTRICT ON DELETE CASCADE;


--
-- PostgreSQL database dump complete
--

